text,sentiment
Love this product! It exceeded my expectations.,positive
Very disappointed with the customer service.,negative
Just another day at work.,neutral
Fantastic experience! Highly recommend it.,positive
I didn't like the quality of the item.,negative
"The service was okay, not great but not terrible.",neutral
Absolutely wonderful! Will buy again.,positive
Not worth the price. I want a refund.,negative
Nothing special about this product.,neutral
Great value for money. I am very satisfied.,positive
This is the best purchase I've made in a long time.,positive
The product arrived damaged and broken.,negative
I am indifferent about this service.,neutral
Very pleased with the prompt delivery.,positive
The product is not as described.,negative
I have no strong feelings about this product.,neutral
Highly impressed with the quality of this item.,positive
Terrible experience! I will never shop here again.,negative
"Just an average experience, nothing extraordinary.",neutral
"Excellent customer service, very helpful.",positive
Poor quality and overpriced.,negative
Service was acceptable but could be improved.,neutral
I love how this product performs!,positive
Extremely dissatisfied with my purchase.,negative
"Meh, it's just okay.",neutral
"Exceptional product, worth every penny.",positive
Very upset with the slow response time.,negative
"This is a typical product, nothing special.",neutral
Wonderful experience! Will definitely return.,positive
Not satisfied with the quality at all.,negative
Service was neither good nor bad.,neutral
One of the best purchases I ve made.,positive
Product did not meet my expectations.,negative
"Just a regular experience, no complaints.",neutral
Great purchase! Will recommend to others.,positive
Really upset with the defective item.,negative
Neutral feelings about the product.,neutral
"Totally exceeded my expectations, fantastic!",positive
Very unhappy with the overall experience.,negative
"Service was mediocre, nothing to write home about.",neutral
"Thrilled with this purchase, very pleased.",positive
"Received the wrong item, very frustrating.",negative
"This product is average, not bad but not good.",neutral
Extremely happy with the quality and performance.,positive
Disappointed with the items condition upon arrival.,negative
"An okay product, it does its job.",neutral
Fantastic quality and speedy delivery.,positive
"Service was lacking, won't return.",negative
"Neutral about this product, it's neither here nor there.",neutral
Very satisfied with my recent purchase.,positive
